{
  "reference": "W86008801",
  "pieceId": "3",
  "sourceCnc": "SCARA/OUT_cnc/ID3_W86008801.cnc",
  "boundingBox": [
    [
      0.0,
      0.0
    ],
    [
      30.11999999999989,
      0.0
    ],
    [
      30.11999999999989,
      120.66000000000008
    ],
    [
      0.0,
      120.66000000000008
    ]
  ],
  "angle": 0,
  "computable": 1,
  "toolLocation": [
    14.079528211628915,
    96.44971888110426,
    -0.009120232690528907
  ],
  "toolActive": [
    1,
    0,
    0,
    0,
    0,
    0,
    0,
    0,
    0,
    0,
    1
  ],
  "thickness": 3.0,
  "material": "Acero al carbono N2",
  "geometry": {
    "totalContours": 1,
    "contours": {
      "totalSegments": 22,
      "type": 1,
      "sense": -1,
      "segments": [
        {
          "type": 1,
          "initialPos": [
            13.849999999999909,
            120.66000000000008
          ],
          "finalPos": [
            13.849999999999909,
            115.72000000000003
          ],
          "arcCenter": [
            13.849999999999909,
            120.66000000000008
          ],
          "arcCenterOff": [
            0.0,
            0.0
          ],
          "arcSense": 0
        },
        {
          "type": 1,
          "initialPos": [
            13.849999999999909,
            115.72000000000003
          ],
          "finalPos": [
            15.11999999999989,
            115.72000000000003
          ],
          "arcCenter": [
            13.849999999999909,
            115.72000000000003
          ],
          "arcCenterOff": [
            0.0,
            0.0
          ],
          "arcSense": 0
        },
        {
          "type": 1,
          "initialPos": [
            15.11999999999989,
            115.72000000000003
          ],
          "finalPos": [
            15.11999999999989,
            112.72000000000003
          ],
          "arcCenter": [
            15.11999999999989,
            115.72000000000003
          ],
          "arcCenterOff": [
            0.0,
            0.0
          ],
          "arcSense": 0
        },
        {
          "type": 1,
          "initialPos": [
            15.11999999999989,
            112.72000000000003
          ],
          "finalPos": [
            22.079999999999927,
            112.72000000000003
          ],
          "arcCenter": [
            15.11999999999989,
            112.72000000000003
          ],
          "arcCenterOff": [
            0.0,
            0.0
          ],
          "arcSense": 0
        },
        {
          "type": 1,
          "initialPos": [
            22.079999999999927,
            112.72000000000003
          ],
          "finalPos": [
            27.11999999999989,
            107.68000000000006
          ],
          "arcCenter": [
            22.079999999999927,
            112.72000000000003
          ],
          "arcCenterOff": [
            0.0,
            0.0
          ],
          "arcSense": 0
        },
        {
          "type": 1,
          "initialPos": [
            27.11999999999989,
            107.68000000000006
          ],
          "finalPos": [
            27.11999999999989,
            97.72000000000003
          ],
          "arcCenter": [
            27.11999999999989,
            107.68000000000006
          ],
          "arcCenterOff": [
            0.0,
            0.0
          ],
          "arcSense": 0
        },
        {
          "type": 1,
          "initialPos": [
            27.11999999999989,
            97.72000000000003
          ],
          "finalPos": [
            30.11999999999989,
            97.72000000000003
          ],
          "arcCenter": [
            27.11999999999989,
            97.72000000000003
          ],
          "arcCenterOff": [
            0.0,
            0.0
          ],
          "arcSense": 0
        },
        {
          "type": 1,
          "initialPos": [
            30.11999999999989,
            97.72000000000003
          ],
          "finalPos": [
            30.11999999999989,
            87.60000000000014
          ],
          "arcCenter": [
            30.11999999999989,
            97.72000000000003
          ],
          "arcCenterOff": [
            0.0,
            0.0
          ],
          "arcSense": 0
        },
        {
          "type": 1,
          "initialPos": [
            30.11999999999989,
            87.60000000000014
          ],
          "finalPos": [
            27.11999999999989,
            87.60000000000014
          ],
          "arcCenter": [
            30.11999999999989,
            87.60000000000014
          ],
          "arcCenterOff": [
            0.0,
            0.0
          ],
          "arcSense": 0
        },
        {
          "type": 1,
          "initialPos": [
            27.11999999999989,
            87.60000000000014
          ],
          "finalPos": [
            27.11999999999989,
            25.12000000000012
          ],
          "arcCenter": [
            27.11999999999989,
            87.60000000000014
          ],
          "arcCenterOff": [
            0.0,
            0.0
          ],
          "arcSense": 0
        },
        {
          "type": 1,
          "initialPos": [
            27.11999999999989,
            25.12000000000012
          ],
          "finalPos": [
            30.11999999999989,
            25.12000000000012
          ],
          "arcCenter": [
            27.11999999999989,
            25.12000000000012
          ],
          "arcCenterOff": [
            0.0,
            0.0
          ],
          "arcSense": 0
        },
        {
          "type": 1,
          "initialPos": [
            30.11999999999989,
            25.12000000000012
          ],
          "finalPos": [
            30.11999999999989,
            15.0
          ],
          "arcCenter": [
            30.11999999999989,
            25.12000000000012
          ],
          "arcCenterOff": [
            0.0,
            0.0
          ],
          "arcSense": 0
        },
        {
          "type": 1,
          "initialPos": [
            30.11999999999989,
            15.0
          ],
          "finalPos": [
            27.11999999999989,
            15.0
          ],
          "arcCenter": [
            30.11999999999989,
            15.0
          ],
          "arcCenterOff": [
            0.0,
            0.0
          ],
          "arcSense": 0
        },
        {
          "type": 1,
          "initialPos": [
            27.11999999999989,
            15.0
          ],
          "finalPos": [
            27.11999999999989,
            6.540000000000191
          ],
          "arcCenter": [
            27.11999999999989,
            15.0
          ],
          "arcCenterOff": [
            0.0,
            0.0
          ],
          "arcSense": 0
        },
        {
          "type": 1,
          "initialPos": [
            27.11999999999989,
            6.540000000000191
          ],
          "finalPos": [
            20.579999999999927,
            0.0
          ],
          "arcCenter": [
            27.11999999999989,
            6.540000000000191
          ],
          "arcCenterOff": [
            0.0,
            0.0
          ],
          "arcSense": 0
        },
        {
          "type": 1,
          "initialPos": [
            20.579999999999927,
            0.0
          ],
          "finalPos": [
            5.039999999999964,
            0.0
          ],
          "arcCenter": [
            20.579999999999927,
            0.0
          ],
          "arcCenterOff": [
            0.0,
            0.0
          ],
          "arcSense": 0
        },
        {
          "type": 1,
          "initialPos": [
            5.039999999999964,
            0.0
          ],
          "finalPos": [
            0.0,
            5.040000000000191
          ],
          "arcCenter": [
            5.039999999999964,
            0.0
          ],
          "arcCenterOff": [
            0.0,
            0.0
          ],