{
  "reference": "W56337209",
  "pieceId": "5",
  "sourceCnc": "SCARA/OUT_cnc/ID5_W56337209.cnc",
  "boundingBox": [
    [
      0.0,
      0.0
    ],
    [
      75.29999999999995,
      0.0
    ],
    [
      75.29999999999995,
      275.35
    ],
    [
      0.0,
      275.35
    ]
  ],
  "angle": 0,
  "computable": 1,
  "toolLocation": [
    38.17022941102138,
    122.90445227972009,
    1.601194654858407
  ],
  "toolActive": [
    1,
    0,
    1,
    1,
    1,
    1,
    1,
    1,
    1,
    0,
    0
  ],
  "thickness": 3.0,
  "material": "Acero al carbono N2",
  "geometry": {
    "totalContours": 2,
    "contours": [
      {
        "totalSegments": 5,
        "type": 1,
        "sense": -1,
        "segments": [
          {
            "type": 2,
            "initialPos": [
              57.5,
              82.24000000000001
            ],
            "finalPos": [
              50.14999999999998,
              74.88999999999999
            ],
            "arcCenter": [
              50.14999999999998,
              82.24000000000001
            ],
            "arcCenterOff": [
              -7.350000000000023,
              0.0
            ],
            "arcSense": 1
          },
          {
            "type": 1,
            "initialPos": [
              50.14999999999998,
              74.88999999999999
            ],
            "finalPos": [
              25.149999999999977,
              74.88999999999999
            ],
            "arcCenter": [
              50.14999999999998,
              74.88999999999999
            ],
            "arcCenterOff": [
              0.0,
              0.0
            ],
            "arcSense": 0
          },
          {
            "type": 2,
            "initialPos": [
              25.149999999999977,
              74.88999999999999
            ],
            "finalPos": [
              25.149999999999977,
              89.58999999999997
            ],
            "arcCenter": [
              25.149999999999977,
              82.24000000000001
            ],
            "arcCenterOff": [
              0.0,
              7.350000000000023
            ],
            "arcSense": 1
          },
          {
            "type": 1,
            "initialPos": [
              25.149999999999977,
              89.58999999999997
            ],
            "finalPos": [
              50.14999999999998,
              89.58999999999997
            ],
            "arcCenter": [
              25.149999999999977,
              89.58999999999997
            ],
            "arcCenterOff": [
              0.0,
              0.0
            ],
            "arcSense": 0
          },
          {
            "type": 2,
            "initialPos": [
              50.14999999999998,
              89.58999999999997
            ],
            "finalPos": [
              57.5,
              82.24000000000001
            ],
            "arcCenter": [
              50.14999999999998,
              82.23999999999995
            ],
            "arcCenterOff": [
              0.0,
              -7.350000000000023
            ],
            "arcSense": 1
          }
        ]
      },
      {
        "totalSegments": 6,
        "type": 0,
        "sense": 1,
        "segments": [
          {
            "type": 1,
            "initialPos": [
              30.309999999999945,
              0.0
            ],
            "finalPos": [
              30.309999999999945,
              4.850000000000023
            ],
            "arcCenter": [
              30.309999999999945,
              0.0
            ],
            "arcCenterOff": [
              0.0,
              0.0
            ],
            "arcSense": 0
          },
          {
            "type": 1,
            "initialPos": [
              30.309999999999945,
              4.850000000000023
            ],
            "finalPos": [
              75.29999999999995,
              4.850000000000023
            ],
            "arcCenter": [
              30.309999999999945,
              4.850000000000023
            ],
            "arcCenterOff": [
              0.0,
              0.0
            ],
            "arcSense": 0
          },
          {
            "type": 1,
            "initialPos": [
              75.29999999999995,
              4.850000000000023
            ],
            "finalPos": [
              75.29999999999995,
              275.35
            ],
            "arcCenter": [
              75.29999999999995,
              4.850000000000023
            ],
            "arcCenterOff": [
              0.0,
              0.0
            ],
            "arcSense": 0
          },
          {
            "type": 1,
            "initialPos": [
              75.29999999999995,
              275.35
            ],
            "finalPos": [
              0.0,
              275.35
            ],
            "arcCenter": [
              75.29999999999995,
              275.35
            ],
            "arcCenterOff": [
              0.0,
              0.0
            ],
            "arcSense": 0
          },
          {
            "type": 1,
            "initialPos": [
              0.0,
              275.35
            ],
            "finalPos": [
              0.0,
              4.850000000000023
            ],
            "arcCenter": [
              0.0,
              275.35
            ],
            "arcCenterOff": [
              0.0,
              0.0
            ],
            "arcSense": 0
          },
          {
            "type": 1,
            "initialPos": [
              0.0,
              4.850000000000023
            ],
            "finalPos": [
              29.459999999999923,
              4.850000000000023
            ],
            "arcCenter": [
              0.0,
              4.850000000000023
            ],
            "arcCenterOff": [
              0.0,
              0.0
            ],
            "arcSense": 0
          }
        ]
      }
    ],
    "voronoi": [
      [
        14.730000000000814,
        140.1000000000011
      ],
      [
        29.884999999903698,
        141.7505223659585
      ],
      [
        37.65000000000089,
        142.62060425138702
      ],
      [
        52.80500000000279,
        140.1000000000007
      ],
      [
        29.885000000012383,
        2.4250000000579917
      ]
    ],
    "polyShape": {
      "type": "Polygon",
      "coordinates": [
        [
          [
            29.459999999999923,
            4.850000000000023
          ],
          [
            0.0,
            4.850000000000023
          ],
          [
            0.0,
            275.35
          ],
          [
            75.29999999999995,
            275.35
          ],
          [
            75.29999999999995,
            4.850000000000023
          ],
          [
            30.309999999999945,
            4.850000000000023
          ],
          [
            30.309999999999945,
            0.0
          ],
          [
            29.459999999999923,
            4.850000000000023
          ]
        ]
      ]
    }
  }
}