{
  "reference": "W56402108",
  "pieceId": "4",
  "sourceCnc": "OUT_cnc/ID4_W56402108.cnc",
  "boundingBox": [
    [
      0.0,
      0.0
    ],
    [
      57.05,
      0.0
    ],
    [
      57.05,
      1006.0999999999999
    ],
    [
      0.0,
      1006.0999999999999
    ]
  ],
  "angle": 0,
  "computable": 1,
  "toolLocation": [
    81.50862429871543,
    527.1776256934384,
    0.012395851611068969
  ],
  "toolActive": [
    0,
    0,
    0,
    1,
    0,
    0,
    0,
    0,
    1,
    0,
    0,
    0,
    0,
    1,
    0,
    0,
    0,
    0,
    1,
    0,
    0,
    0,
    0,
    0,
    0,
    0,
    0,
    0,
    0,
    0,
    0,
    0,
    0
  ],
  "thickness": 4.0,
  "material": "Acero al carbono N2",
  "geometry": {
    "totalContours": 2,
    "contours": [
      {
        "totalSegments": 6,
        "type": 0,
        "sense": 1,
        "segments": [
          {
            "type": 1,
            "initialPos": [
              13.549999999999997,
              503.0
            ],
            "finalPos": [
              8.599999999999994,
              503.01
            ],
            "arcCenter": [
              13.549999999999997,
              503.0
            ],
            "arcCenterOff": [
              0.0,
              0.0
            ],
            "arcSense": 0
          },
          {
            "type": 3,
            "initialPos": [
              8.599999999999994,
              503.01
            ],
            "finalPos": [
              14.049999999999997,
              497.60000000000014
            ],
            "arcCenter": [
              14.049999999999997,
              503.04999999999995
            ],
            "arcCenterOff": [
              5.450000000000003,
              0.03999999999996362
            ],
            "arcSense": -1
          },
          {
            "type": 1,
            "initialPos": [
              14.049999999999997,
              497.60000000000014
            ],
            "finalPos": [
              38.05,
              497.60000000000014
            ],
            "arcCenter": [
              14.049999999999997,
              497.60000000000014
            ],
            "arcCenterOff": [
              0.0,
              0.0
            ],
            "arcSense": 0
          },
          {
            "type": 3,
            "initialPos": [
              38.05,
              497.60000000000014
            ],
            "finalPos": [
              38.05,
              508.5
            ],
            "arcCenter": [
              38.05,
              503.0500000000002
            ],
            "arcCenterOff": [
              0.0,
              5.4500000000000455
            ],
            "arcSense": -1
          },
          {
            "type": 1,
            "initialPos": [
              38.05,
              508.5
            ],
            "finalPos": [
              14.049999999999997,
              508.5
            ],
            "arcCenter": [
              38.05,
              508.5
            ],
            "arcCenterOff": [
              0.0,
              0.0
            ],
            "arcSense": 0
          },
          {
            "type": 3,
            "initialPos": [
              14.049999999999997,
              508.5
            ],
            "finalPos": [
              8.64,
              503.71000000000004
            ],
            "arcCenter": [
              14.049999999999997,
              503.04999999999995
            ],
            "arcCenterOff": [
              0.0,
              -5.4500000000000455
            ],
            "arcSense": -1
          }
        ]
      },
      {
        "totalSegments": 5,
        "type": 1,
        "sense": -1,
        "segments": [
          {
            "type": 1,
            "initialPos": [
              57.05,
              0.0
            ],
            "finalPos": [
              52.05,
              0.0
            ],
            "arcCenter": [
              57.05,
              0.0
            ],
            "arcCenterOff": [
              0.0,
              0.0
            ],
            "arcSense": 0
          },
          {
            "type": 1,
            "initialPos": [
              52.05,
              0.0
            ],
            "finalPos": [
              0.0,
              0.0
            ],
            "arcCenter": [
              52.05,
              0.0
            ],
            "arcCenterOff": [
              0.0,
              0.0
            ],
            "arcSense": 0
          },
          {
            "type": 1,
            "initialPos": [
              0.0,
              0.0
            ],
            "finalPos": [
              0.0,
              1006.0999999999999
            ],
            "arcCenter": [
              0.0,
              0.0
            ],
            "arcCenterOff": [
              0.0,
              0.0
            ],
            "arcSense": 0
          },
          {
            "type": 1,
            "initialPos": [
              0.0,
              1006.0999999999999
            ],
            "finalPos": [
              52.099999999999994,
              1006.0999999999999
            ],
            "arcCenter": [
              0.0,
              1006.0999999999999
            ],
            "arcCenterOff": [
              0.0,
              0.0
            ],
            "arcSense": 0
          },
          {
            "type": 1,
            "initialPos": [
              52.099999999999994,
              1006.0999999999999
            ],
            "finalPos": [
              52.099999999999994,
              0.7000000000000455
            ],
            "arcCenter": [
              52.099999999999994,
              1006.0999999999999
            ],
            "arcCenterOff": [
              0.0,
              0.0
            ],
            "arcSense": 0
          }
        ]
      }
    ],
    "voronoi": [
      [
        19.295873320539314,
        503.0499999999995
      ],
      [
        26.05000000000183,
        503.4000000000001
      ],
      [
        54.54999999999181,
        0.1732142857256349
      ],
      [
        26.02499999999938,
        2.2107142858328643
      ]
    ],
    "polyShape": {
      "type": "Polygon",
      "coordinates": [
        [
          [
            52.05,
            0.0
          ],
          [
            0.0,
            0.0
          ],
          [
            0.0,
            1006.0999999999999
          ],
          [
            52.099999999999994,
            1006.0999999999999
          ],
          [
            52.099999999999994,
            0.7000000000000455
          ],
          [
            57.05,
            0.0
          ],
          [
            52.05,
            0.0
          ]
        ]
      ]
    }
  }
}