{
  "reference": "W56402103",
  "pieceId": "10",
  "sourceCnc": "SCARA/OUT_cnc/ID10_W56402103.cnc",
  "boundingBox": [
    [
      0.0,
      0.0
    ],
    [
      50.940000000000055,
      0.0
    ],
    [
      50.940000000000055,
      198.26999999999998
    ],
    [
      0.0,
      198.26999999999998
    ]
  ],
  "angle": 0,
  "computable": 1,
  "toolLocation": [
    -21.850926145527588,
    103.4971080106106,
    1.5049349005465635
  ],
  "toolActive": [
    0,
    0,
    0,
    0,
    0,
    0,
    0,
    0,
    0,
    0,
    0,
    0,
    0,
    1,
    1,
    0,
    0,
    0,
    0,
    0,
    0,
    0,
    0,
    0,
    0,
    0,
    0,
    0,
    0,
    0,
    0,
    0,
    0
  ],
  "thickness": 4.0,
  "material": "Acero al carbono N2",
  "geometry": {
    "totalContours": 15,
    "contours": [
      {
        "totalSegments": 1,
        "type": 0,
        "sense": 1,
        "segments": {
          "type": 1,
          "initialPos": [
            29.460000000000036,
            66.73999999999978
          ],
          "finalPos": [
            29.460000000000036,
            69.59999999999991
          ],
          "arcCenter": [
            29.460000000000036,
            66.73999999999978
          ],
          "arcCenterOff": [
            0.0,
            0.0
          ],
          "arcSense": 0
        }
      },
      {
        "totalSegments": 1,
        "type": 0,
        "sense": 1,
        "segments": {
          "type": 1,
          "initialPos": [
            29.3599999999999,
            69.69999999999982
          ],
          "finalPos": [
            29.3599999999999,
            66.83999999999969
          ],
          "arcCenter": [
            29.3599999999999,
            69.69999999999982
          ],
          "arcCenterOff": [
            0.0,
            0.0
          ],
          "arcSense": 0
        }
      },
      {
        "totalSegments": 1,
        "type": 0,
        "sense": 1,
        "segments": {
          "type": 1,
          "initialPos": [
            29.460000000000036,
            68.17000000000007
          ],
          "finalPos": [
            19.460000000000036,
            68.17000000000007
          ],
          "arcCenter": [
            29.460000000000036,
            68.17000000000007
          ],
          "arcCenterOff": [
            0.0,
            0.0
          ],
          "arcSense": 0
        }
      },
      {
        "totalSegments": 1,
        "type": 0,
        "sense": 1,
        "segments": {
          "type": 1,
          "initialPos": [
            19.3599999999999,
            68.26999999999998
          ],
          "finalPos": [
            29.3599999999999,
            68.26999999999998
          ],
          "arcCenter": [
            19.3599999999999,
            68.26999999999998
          ],
          "arcCenterOff": [
            0.0,
            0.0
          ],
          "arcSense": 0
        }
      },
      {
        "totalSegments": 3,
        "type": 0,
        "sense": 1,
        "segments": [
          {
            "type": 1,
            "initialPos": [
              29.460000000000036,
              70.59999999999991
            ],
            "finalPos": [
              19.460000000000036,
              70.59999999999991
            ],
            "arcCenter": [
              29.460000000000036,
              70.59999999999991
            ],
            "arcCenterOff": [
              0.0,
              0.0
            ],
            "arcSense": 0
          },
          {
            "type": 1,
            "initialPos": [
              19.460000000000036,
              70.59999999999991
            ],
            "finalPos": [
              29.460000000000036,
              77.73999999999978
            ],
            "arcCenter": [
              19.460000000000036,
              70.59999999999991
            ],
            "arcCenterOff": [
              0.0,
              0.0
            ],
            "arcSense": 0
          },
          {
            "type": 1,
            "initialPos": [
              29.460000000000036,
              77.73999999999978
            ],
            "finalPos": [
              19.460000000000036,
              77.73999999999978
            ],
            "arcCenter": [
              29.460000000000036,
              77.73999999999978
            ],
            "arcCenterOff": [
              0.0,
              0.0
            ],
            "arcSense": 0
          }
        ]
      },
      {
        "totalSegments": 3,
        "type": 0,
        "sense": 1,
        "segments": [
          {
            "type": 1,
            "initialPos": [
              19.3599999999999,
              77.83999999999969
            ],
            "finalPos": [
              29.3599999999999,
              77.83999999999969
            ],
            "arcCenter": [
              19.3599999999999,
              77.83999999999969
            ],
            "arcCenterOff": [
              0.0,
              0.0
            ],
            "arcSense": 0
          },
          {
            "type": 1,
            "initialPos": [
              29.3599999999999,
              77.83999999999969
            ],
            "finalPos": [
              19.3599999999999,
              70.69999999999982
            ],
            "arcCenter": [
              29.3599999999999,
              77.83999999999969
            ],
            "arcCenterOff": [
              0.0,
              0.0
            ],
            "arcSense": 0
          },
          {
            "type": 1,
            "initialPos": [
              19.3599999999999,
              70.69999999999982
            ],
            "finalPos": [
              29.3599999999999,
              70.69999999999982
            ],
            "arcCenter": [
              19.3599999999999,
              70.69999999999982
            ],
            "arcCenterOff": [
              0.0,
              0.0
            ],
            "arcSense": 0
          }
        ]
      },
      {
        "totalSegments": 1,
        "type": 0,
        "sense": 1,
        "segments": {
          "type": 1,
          "initialPos": [
            19.460000000000036,
            69.59999999999991
          ],
          "finalPos": [
            19.460000000000036,
            66.73999999999978
          ],
          "arcCenter": [
            19.460000000000036,
            69.59999999999991
          ],
          "arcCenterOff": [
            0.0,
            0.0
          ],
          "arcSense": 0
        }
      },
      {
        "totalSegments": 1,
        "type": 0,
        "sense": 1,
        "segments": {
          "type": 1,
          "initialPos": [
            19.3599999999999,
            66.83999999999969
          ],
          "finalPos": [
            19.3599999999999,
            69.69999999999982
          ],
          "arcCenter": [
            19.3599999999999,
            66.83999999999969
          ],
          "arcCenterOff": [
            0.0,
            0.0
          ],
          "arcSense": 0
        }
      },
      {
        "totalSegments": 1,
        "type": 0,
        "sense": 1,
        "segments": {
          "type": 1,
          "initialPos": [
            19.460000000000036,
            78.73999999999978
          ],
          "finalPos": [
            19.460000000000036,
            85.88000000000011
          ],
          "arcCenter": [
            19.460000000000036,
            78.73999999999978
          ],
          "arcCenterOff": [
            0.0,
            0.0
          ],
          "arcSense": 0
        }
      },
      {
        "totalSegments": 1,
        "type": 0,
        "sense": 1,
        "segments": {
          "type": 1,
          "initialPos": [
            19.3599999999999,
            85.98000000000002
          ],
          "finalPos": [
            19.3599999999999,
            78.83999999999969
          ],