{
  "reference": "W56322224",
  "pieceId": "4",
  "sourceCnc": "SCARA/OUT_cnc/ID4_W56322224.cnc",
  "boundingBox": [
    [
      0.0,
      0.0
    ],
    [
      135.29999999999995,
      0.0
    ],
    [
      135.29999999999995,
      35.05
    ],
    [
      0.0,
      35.05
    ]
  ],
  "angle": 0,
  "computable": 1,
  "toolLocation": [
    51.42499999972869,
    -34.97500000000043,
    3.141592653589793
  ],
  "toolActive": [
    0,
    0,
    0,
    0,
    0,
    0,
    0,
    0,
    0,
    0,
    0,
    0,
    0,
    0,
    0,
    0,
    0,
    0,
    0,
    0,
    0,
    0,
    0,
    0,
    0,
    0,
    0,
    0,
    0,
    0,
    0,
    0,
    0
  ],
  "thickness": 4.0,
  "material": "Acero al carbono N2",
  "geometry": {
    "totalContours": 3,
    "contours": [
      {
        "totalSegments": 7,
        "type": 1,
        "sense": -1,
        "segments": [
          {
            "type": 1,
            "initialPos": [
              50.430000000000064,
              19.88
            ],
            "finalPos": [
              53.22000000000003,
              18.27
            ],
            "arcCenter": [
              50.430000000000064,
              19.88
            ],
            "arcCenterOff": [
              0.0,
              0.0
            ],
            "arcSense": 0
          },
          {
            "type": 1,
            "initialPos": [
              53.22000000000003,
              18.27
            ],
            "finalPos": [
              53.22000000000003,
              11.830000000000002
            ],
            "arcCenter": [
              53.22000000000003,
              18.27
            ],
            "arcCenterOff": [
              0.0,
              0.0
            ],
            "arcSense": 0
          },
          {
            "type": 1,
            "initialPos": [
              53.22000000000003,
              11.830000000000002
            ],
            "finalPos": [
              47.649999999999864,
              8.61
            ],
            "arcCenter": [
              53.22000000000003,
              11.830000000000002
            ],
            "arcCenterOff": [
              0.0,
              0.0
            ],
            "arcSense": 0
          },
          {
            "type": 1,
            "initialPos": [
              47.649999999999864,
              8.61
            ],
            "finalPos": [
              42.069999999999936,
              11.830000000000002
            ],
            "arcCenter": [
              47.649999999999864,
              8.61
            ],
            "arcCenterOff": [
              0.0,
              0.0
            ],
            "arcSense": 0
          },
          {
            "type": 1,
            "initialPos": [
              42.069999999999936,
              11.830000000000002
            ],
            "finalPos": [
              42.069999999999936,
              18.27
            ],
            "arcCenter": [
              42.069999999999936,
              11.830000000000002
            ],
            "arcCenterOff": [
              0.0,
              0.0
            ],
            "arcSense": 0
          },
          {
            "type": 1,
            "initialPos": [
              42.069999999999936,
              18.27
            ],
            "finalPos": [
              47.649999999999864,
              21.490000000000002
            ],
            "arcCenter": [
              42.069999999999936,
              18.27
            ],
            "arcCenterOff": [
              0.0,
              0.0
            ],
            "arcSense": 0
          },
          {
            "type": 1,
            "initialPos": [
              47.649999999999864,
              21.490000000000002
            ],
            "finalPos": [
              50.430000000000064,
              19.88
            ],
            "arcCenter": [
              47.649999999999864,
              21.490000000000002
            ],
            "arcCenterOff": [
              0.0,
              0.0
            ],
            "arcSense": 0
          }
        ]
      },
      {
        "totalSegments": 7,
        "type": 1,
        "sense": -1,
        "segments": [
          {
            "type": 1,
            "initialPos": [
              90.43000000000006,
              19.88
            ],
            "finalPos": [
              93.22000000000003,
              18.27
            ],
            "arcCenter": [
              90.43000000000006,
              19.88
            ],
            "arcCenterOff": [
              0.0,
              0.0
            ],
            "arcSense": 0
          },
          {
            "type": 1,
            "initialPos": [
              93.22000000000003,
              18.27
            ],
            "finalPos": [
              93.22000000000003,
              11.830000000000002
            ],
            "arcCenter": [
              93.22000000000003,
              18.27
            ],
            "arcCenterOff": [
              0.0,
              0.0
            ],
            "arcSense": 0
          },
          {
            "type": 1,
            "initialPos": [
              93.22000000000003,
              11.830000000000002
            ],
            "finalPos": [
              87.64999999999986,
              8.61
            ],
            "arcCenter": [
              93.22000000000003,
              11.830000000000002
            ],
            "arcCenterOff": [
              0.0,
              0.0
            ],
            "arcSense": 0
          },
          {
            "type": 1,
            "initialPos": [
              87.64999999999986,
              8.61
            ],
            "finalPos": [
              82.06999999999994,
              11.830000000000002
            ],
            "arcCenter": [
              87.64999999999986,
              8.61
            ],
            "arcCenterOff": [
              0.0,
              0.0
            ],
            "arcSense": 0
          },
          {
            "type": 1,
            "initialPos": [
              82.06999999999994,
              11.830000000000002
            ],
            "finalPos": [
              82.06999999999994,
              18.27
            ],
            "arcCenter": [
              82.06999999999994,
              11.830000000000002
            ],
            "arcCenterOff": [
              0.0,
              0.0
            ],
            "arcSense": 0
          },
          {
            "type": 1,
            "initialPos": [
              82.06999999999994,
              18.27
            ],
            "finalPos": [
              87.64999999999986,
              21.490000000000002
            ],
            "arcCenter": [
              82.06999999999994,
              18.27
            ],
            "arcCenterOff": [
              0.0,
              0.0
            ],
            "arcSense": 0
          },
          {
            "type": 1,
            "initialPos": [
              87.64999999999986,
              21.490000000000002
            ],
            "finalPos": [
              90.43000000000006,
              19.88
            ],
            "arcCenter": [
              87.64999999999986,
              21.490000000000002
            ],
            "arcCenterOff": [
              0.0,
              0.0
            ],
            "arcSense": 0
          }
        ]
      },
      {
        "totalSegments": 5,
        "type": 0,
        "sense": 1,
        "segments": [
          {
            "type": 1,
            "initialPos": [
              0.0,
              35.05
            ],
            "finalPos": [
              0.0,
              30.049999999999997
            ],
            "arcCenter": [
              0.0,
              35.05
            ],
            "arcCenterOff": [
              0.0,
              0.0
            ],
            "arcSense": 0
          },
          {
            "type": 1,