{
  "reference": "W56337209",
  "pieceId": "1",
  "sourceCnc": "SCARA/OUT_cnc/ID1_W56337209.cnc",
  "boundingBox": [
    [
      0.0,
      0.0
    ],
    [
      75.11999999999989,
      0.0
    ],
    [
      75.11999999999989,
      275.26
    ],
    [
      0.0,
      275.26
    ]
  ],
  "angle": 0,
  "computable": 1,
  "toolLocation": [
    86.24119915309157,
    86.67767981983908,
    3.141592653589793
  ],
  "toolActive": [
    0,
    0,
    0,
    0,
    0,
    0,
    0,
    0,
    0,
    1,
    0,
    0,
    0,
    0,
    1,
    0,
    0,
    0,
    0,
    1,
    0,
    0,
    0,
    0,
    0,
    0,
    0,
    0,
    0,
    0,
    0,
    0,
    0
  ],
  "thickness": 3.0,
  "material": "Acero al carbono N2",
  "geometry": {
    "totalContours": 2,
    "contours": [
      {
        "totalSegments": 5,
        "type": 1,
        "sense": -1,
        "segments": [
          {
            "type": 2,
            "initialPos": [
              17.61999999999989,
              193.03
            ],
            "finalPos": [
              25.059999999999945,
              200.47
            ],
            "arcCenter": [
              25.059999999999945,
              193.03
            ],
            "arcCenterOff": [
              7.440000000000055,
              0.0
            ],
            "arcSense": 1
          },
          {
            "type": 1,
            "initialPos": [
              25.059999999999945,
              200.47
            ],
            "finalPos": [
              50.059999999999945,
              200.47
            ],
            "arcCenter": [
              25.059999999999945,
              200.47
            ],
            "arcCenterOff": [
              0.0,
              0.0
            ],
            "arcSense": 0
          },
          {
            "type": 2,
            "initialPos": [
              50.059999999999945,
              200.47
            ],
            "finalPos": [
              50.059999999999945,
              185.59
            ],
            "arcCenter": [
              50.059999999999945,
              193.03
            ],
            "arcCenterOff": [
              0.0,
              -7.439999999999998
            ],
            "arcSense": 1
          },
          {
            "type": 1,
            "initialPos": [
              50.059999999999945,
              185.59
            ],
            "finalPos": [
              25.059999999999945,
              185.59
            ],
            "arcCenter": [
              50.059999999999945,
              185.59
            ],
            "arcCenterOff": [
              0.0,
              0.0
            ],
            "arcSense": 0
          },
          {
            "type": 2,
            "initialPos": [
              25.059999999999945,
              185.59
            ],
            "finalPos": [
              17.61999999999989,
              193.03
            ],
            "arcCenter": [
              25.059999999999945,
              193.03
            ],
            "arcCenterOff": [
              0.0,
              7.439999999999998
            ],
            "arcSense": 1
          }
        ]
      },
      {
        "totalSegments": 6,
        "type": 0,
        "sense": 1,
        "segments": [
          {
            "type": 1,
            "initialPos": [
              44.99000000000001,
              275.26
            ],
            "finalPos": [
              44.99000000000001,
              270.32
            ],
            "arcCenter": [
              44.99000000000001,
              275.26
            ],
            "arcCenterOff": [
              0.0,
              0.0
            ],
            "arcSense": 0
          },
          {
            "type": 1,
            "initialPos": [
              44.99000000000001,
              270.32
            ],
            "finalPos": [
              0.0,
              270.32
            ],
            "arcCenter": [
              44.99000000000001,
              270.32
            ],
            "arcCenterOff": [
              0.0,
              0.0
            ],
            "arcSense": 0
          },
          {
            "type": 1,
            "initialPos": [
              0.0,
              270.32
            ],
            "finalPos": [
              0.0,
              0.0
            ],
            "arcCenter": [
              0.0,
              270.32
            ],
            "arcCenterOff": [
              0.0,
              0.0
            ],
            "arcSense": 0
          },
          {
            "type": 1,
            "initialPos": [
              0.0,
              0.0
            ],
            "finalPos": [
              75.11999999999989,
              0.0
            ],
            "arcCenter": [
              0.0,
              0.0
            ],
            "arcCenterOff": [
              0.0,
              0.0
            ],
            "arcSense": 0
          },
          {
            "type": 1,
            "initialPos": [
              75.11999999999989,
              0.0
            ],
            "finalPos": [
              75.11999999999989,
              270.32
            ],
            "arcCenter": [
              75.11999999999989,
              0.0
            ],
            "arcCenterOff": [
              0.0,
              0.0
            ],
            "arcSense": 0
          },
          {
            "type": 1,
            "initialPos": [
              75.11999999999989,
              270.32
            ],
            "finalPos": [
              45.75,
              270.32
            ],
            "arcCenter": [
              75.11999999999989,
              270.32
            ],
            "arcCenterOff": [
              0.0,
              0.0
            ],
            "arcSense": 0
          }
        ]
      }
    ],
    "voronoi": [
      [
        22.49500000000171,
        135.16000000000057
      ],
      [
        45.3699999999842,
        272.7900000000249
      ],
      [
        60.4350000000004,
        135.1600000000002
      ],
      [
        45.370000000014215,
        133.52320268571196
      ],
      [
        37.56000000000131,
        132.65269624889066
      ]
    ],
    "polyShape": {
      "type": "Polygon",
      "coordinates": [
        [
          [
            45.75,
            270.32
          ],
          [
            75.11999999999989,
            270.32
          ],
          [
            75.11999999999989,
            0.0
          ],
          [
            0.0,
            0.0
          ],
          [
            0.0,
            270.32
          ],
          [
            44.99000000000001,
            270.32
          ],
          [
            44.99000000000001,
            275.26
          ],
          [
            45.75,
            270.32
          ]
        ]
      ]
    }
  }
}