{
  "reference": "W56240414",
  "pieceId": "2",
  "sourceCnc": "SCARA/OUT_cnc/ID2_W56240414.cnc",
  "boundingBox": [
    [
      0.0,
      0.0
    ],
    [
      153.47000000000003,
      0.0
    ],
    [
      153.47000000000003,
      55.099999999999994
    ],
    [
      0.0,
      55.099999999999994
    ]
  ],
  "angle": 0,
  "computable": 1,
  "toolLocation": [
    44.368412792411775,
    20.699305399498364,
    3.141592653589793
  ],
  "toolActive": [
    1,
    0,
    0,
    0,
    1,
    1,
    0,
    0,
    1,
    0,
    0
  ],
  "thickness": 2.0,
  "material": "Acero al carbono N2",
  "geometry": {
    "totalContours": 5,
    "contours": [
      {
        "totalSegments": 1,
        "type": 0,
        "sense": 1,
        "segments": {
          "type": 3,
          "initialPos": [
            3.6000000000000227,
            6.099999999999994
          ],
          "finalPos": [
            3.6000000000000227,
            6.099999999999994
          ],
          "arcCenter": [
            5.050000000000068,
            7.549999999999983
          ],
          "arcCenterOff": [
            1.4500000000000455,
            1.4499999999999886
          ],
          "arcSense": -1
        }
      },
      {
        "totalSegments": 1,
        "type": 0,
        "sense": 1,
        "segments": {
          "type": 3,
          "initialPos": [
            3.6000000000000227,
            46.099999999999994
          ],
          "finalPos": [
            3.6000000000000227,
            46.099999999999994
          ],
          "arcCenter": [
            5.050000000000068,
            47.54999999999998
          ],
          "arcCenterOff": [
            1.4500000000000455,
            1.4499999999999886
          ],
          "arcSense": -1
        }
      },
      {
        "totalSegments": 1,
        "type": 0,
        "sense": 1,
        "segments": {
          "type": 3,
          "initialPos": [
            142.0200000000001,
            46.099999999999994
          ],
          "finalPos": [
            142.0200000000001,
            46.099999999999994
          ],
          "arcCenter": [
            143.47000000000014,
            47.54999999999998
          ],
          "arcCenterOff": [
            1.4500000000000455,
            1.4499999999999886
          ],
          "arcSense": -1
        }
      },
      {
        "totalSegments": 1,
        "type": 0,
        "sense": 1,
        "segments": {
          "type": 3,
          "initialPos": [
            142.0200000000001,
            6.099999999999994
          ],
          "finalPos": [
            142.0200000000001,
            6.099999999999994
          ],
          "arcCenter": [
            143.47000000000014,
            7.549999999999983
          ],
          "arcCenterOff": [
            1.4500000000000455,
            1.4499999999999886
          ],
          "arcSense": -1
        }
      },
      {
        "totalSegments": 5,
        "type": 1,
        "sense": -1,
        "segments": [
          {
            "type": 1,
            "initialPos": [
              153.47000000000003,
              0.0
            ],
            "finalPos": [
              148.47000000000003,
              0.0
            ],
            "arcCenter": [
              153.47000000000003,
              0.0
            ],
            "arcCenterOff": [
              0.0,
              0.0
            ],
            "arcSense": 0
          },
          {
            "type": 1,
            "initialPos": [
              148.47000000000003,
              0.0
            ],
            "finalPos": [
              0.0,
              0.0
            ],
            "arcCenter": [
              148.47000000000003,
              0.0
            ],
            "arcCenterOff": [
              0.0,
              0.0
            ],
            "arcSense": 0
          },
          {
            "type": 1,
            "initialPos": [
              0.0,
              0.0
            ],
            "finalPos": [
              0.0,
              55.099999999999994
            ],
            "arcCenter": [
              0.0,
              0.0
            ],
            "arcCenterOff": [
              0.0,
              0.0
            ],
            "arcSense": 0
          },
          {
            "type": 1,
            "initialPos": [
              0.0,
              55.099999999999994
            ],
            "finalPos": [
              148.5200000000001,
              55.099999999999994
            ],
            "arcCenter": [
              0.0,
              55.099999999999994
            ],
            "arcCenterOff": [
              0.0,
              0.0
            ],
            "arcSense": 0
          },
          {
            "type": 1,
            "initialPos": [
              148.5200000000001,
              55.099999999999994
            ],
            "finalPos": [
              148.5200000000001,
              0.5
            ],
            "arcCenter": [
              148.5200000000001,
              55.099999999999994
            ],
            "arcCenterOff": [
              0.0,
              0.0
            ],
            "arcSense": 0
          }
        ]
      }
    ],
    "voronoi": [
      [
        74.16809318610308,
        27.549999999999812
      ],
      [
        74.26000000000033,
        27.7999999999995
      ],
      [
        150.97000000000241,
        0.0025000000372585873
      ],
      [
        74.23499999999967,
        7.676000000074424
      ]
    ],
    "polyShape": {
      "type": "Polygon",
      "coordinates": [
        [
          [
            0.0,
            0.0
          ],
          [
            0.0,
            55.099999999999994
          ],
          [
            148.5200000000001,
            55.099999999999994
          ],
          [
            148.5200000000001,
            0.5
          ],
          [
            153.47000000000003,
            0.0
          ],
          [
            148.47000000000003,
            0.0
          ],
          [
            0.0,
            0.0
          ]
        ]
      ]
    }
  }
}