{
  "reference": "W86027601",
  "pieceId": "4",
  "sourceCnc": "SCARA/OUT_cnc/ID4_W86027601.cnc",
  "boundingBox": [
    [
      0.0,
      2.9500000000000455
    ],
    [
      10.0,
      2.9500000000000455
    ],
    [
      10.0,
      10.089999999999918
    ],
    [
      0.0,
      10.089999999999918
    ]
  ],
  "angle": 0,
  "computable": 1,
  "toolLocation": [],
  "toolActive": [],
  "thickness": 2.0,
  "material": "Galvanizado",
  "geometry": {
    "totalContours": 8,
    "contours": [
      {
        "totalSegments": 2,
        "type": 0,
        "sense": 1,
        "segments": [
          {
            "type": 1,
            "initialPos": [
              0.0,
              24.730000000000018
            ],
            "finalPos": [
              10.0,
              19.019999999999982
            ],
            "arcCenter": [
              0.0,
              24.730000000000018
            ],
            "arcCenterOff": [
              0.0,
              0.0
            ],
            "arcSense": 0
          },
          {
            "type": 1,
            "initialPos": [
              10.0,
              19.019999999999982
            ],
            "finalPos": [
              10.0,
              26.160000000000082
            ],
            "arcCenter": [
              10.0,
              19.019999999999982
            ],
            "arcCenterOff": [
              0.0,
              0.0
            ],
            "arcSense": 0
          }
        ]
      },
      {
        "totalSegments": 1,
        "type": 0,
        "sense": 1,
        "segments": {
          "type": 1,
          "initialPos": [
            4.280000000000086,
            24.730000000000018
          ],
          "finalPos": [
            4.280000000000086,
            20.450000000000045
          ],
          "arcCenter": [
            4.280000000000086,
            24.730000000000018
          ],
          "arcCenterOff": [
            0.0,
            0.0
          ],
          "arcSense": 0
        }
      },
      {
        "totalSegments": 9,
        "type": 1,
        "sense": -1,
        "segments": [
          {
            "type": 1,
            "initialPos": [
              4.280000000000086,
              18.12000000000012
            ],
            "finalPos": [
              4.280000000000086,
              12.410000000000082
            ],
            "arcCenter": [
              4.280000000000086,
              18.12000000000012
            ],
            "arcCenterOff": [
              0.0,
              0.0
            ],
            "arcSense": 0
          },
          {
            "type": 1,
            "initialPos": [
              4.280000000000086,
              12.410000000000082
            ],
            "finalPos": [
              2.8500000000000227,
              10.980000000000018
            ],
            "arcCenter": [
              4.280000000000086,
              12.410000000000082
            ],
            "arcCenterOff": [
              0.0,
              0.0
            ],
            "arcSense": 0
          },
          {
            "type": 1,
            "initialPos": [
              2.8500000000000227,
              10.980000000000018
            ],
            "finalPos": [
              1.4200000000000728,
              10.980000000000018
            ],
            "arcCenter": [
              2.8500000000000227,
              10.980000000000018
            ],
            "arcCenterOff": [
              0.0,
              0.0
            ],
            "arcSense": 0
          },
          {
            "type": 1,
            "initialPos": [
              1.4200000000000728,
              10.980000000000018
            ],
            "finalPos": [
              0.0,
              12.410000000000082
            ],
            "arcCenter": [
              1.4200000000000728,
              10.980000000000018
            ],
            "arcCenterOff": [
              0.0,
              0.0
            ],
            "arcSense": 0
          },
          {
            "type": 1,
            "initialPos": [
              0.0,
              12.410000000000082
            ],
            "finalPos": [
              0.0,
              16.700000000000045
            ],
            "arcCenter": [
              0.0,
              12.410000000000082
            ],
            "arcCenterOff": [
              0.0,
              0.0
            ],
            "arcSense": 0
          },
          {
            "type": 1,
            "initialPos": [
              0.0,
              16.700000000000045
            ],
            "finalPos": [
              1.4200000000000728,
              18.12000000000012
            ],
            "arcCenter": [
              0.0,
              16.700000000000045
            ],
            "arcCenterOff": [
              0.0,
              0.0
            ],
            "arcSense": 0
          },
          {
            "type": 1,
            "initialPos": [
              1.4200000000000728,
              18.12000000000012
            ],
            "finalPos": [
              8.57000000000005,
              18.12000000000012
            ],
            "arcCenter": [
              1.4200000000000728,
              18.12000000000012
            ],
            "arcCenterOff": [
              0.0,
              0.0
            ],
            "arcSense": 0
          },
          {
            "type": 1,
            "initialPos": [
              8.57000000000005,
              18.12000000000012
            ],
            "finalPos": [
              10.0,
              16.700000000000045
            ],
            "arcCenter": [
              8.57000000000005,
              18.12000000000012
            ],
            "arcCenterOff": [
              0.0,
              0.0
            ],
            "arcSense": 0
          },
          {
            "type": 1,
            "initialPos": [
              10.0,
              16.700000000000045
            ],
            "finalPos": [
              10.0,
              12.410000000000082
            ],
            "arcCenter": [
              10.0,
              16.700000000000045
            ],
            "arcCenterOff": [
              0.0,
              0.0
            ],
            "arcSense": 0
          }
        ]
      },
      {
        "totalSegments": 1,
        "type": 0,
        "sense": 1,
        "segments": {
          "type": 1,
          "initialPos": [
            10.0,
            4.370000000000118
          ],
          "finalPos": [
            0.0,
            8.660000000000082
          ],
          "arcCenter": [
            10.0,
            4.370000000000118
          ],
          "arcCenterOff": [
            0.0,
            0.0
          ],
          "arcSense": 0
        }
      },
      {
        "totalSegments": 8,
        "type": 1,
        "sense": -1,
        "segments": [
          {
            "type": 1,
            "initialPos": [
              0.0,
              8.660000000000082
            ],
            "finalPos": [
              1.4200000000000728,
              10.089999999999918
            ],
            "arcCenter": [
              0.0,
              8.660000000000082
            ],
            "arcCenterOff": [
              0.0,
              0.0
            ],
            "arcSense": 0
          },
          {
            "type": 1,
            "initialPos": [
              1.4200000000000728,
              10.089999999999918
            ],
            "finalPos": [
              8.57000000000005,
              10.089999999999918
            ],
            "arcCenter": [
              1.4200000000000728,
              10.089999999999918
            ],
            "arcCenterOff": [
              0.0,
              0.0
            ],
            "arcSense": 0
          },
          {
            "type": 1,
            "initialPos": [
              8.57000000000005,
              10.089999999999918
            ],