{
  "reference": "W56197519",
  "pieceId": "6",
  "sourceCnc": "SCARA/OUT_cnc/ID6_W56197519.cnc",
  "boundingBox": [
    [
      0.0,
      0.0
    ],
    [
      153.56,
      0.0
    ],
    [
      153.56,
      160.1199999999999
    ],
    [
      0.0,
      160.1199999999999
    ]
  ],
  "angle": 0,
  "computable": 1,
  "toolLocation": [
    83.86215238762891,
    -25.435155110832877,
    -3.141592653589793
  ],
  "toolActive": [
    0,
    0,
    0,
    0,
    0,
    0,
    0,
    0,
    0,
    0,
    0,
    0,
    0,
    1,
    1,
    0,
    1,
    0,
    1,
    1,
    0,
    0,
    0,
    0,
    0,
    0,
    0,
    0,
    0,
    0,
    0,
    0,
    0
  ],
  "thickness": 3.0,
  "material": "Acero al carbono N2",
  "geometry": {
    "totalContours": 6,
    "contours": [
      {
        "totalSegments": 6,
        "type": 0,
        "sense": 1,
        "segments": [
          {
            "type": 1,
            "initialPos": [
              122.9,
              129.44999999999993
            ],
            "finalPos": [
              122.9,
              120.66999999999996
            ],
            "arcCenter": [
              122.9,
              129.44999999999993
            ],
            "arcCenterOff": [
              0.0,
              0.0
            ],
            "arcSense": 0
          },
          {
            "type": 1,
            "initialPos": [
              122.9,
              120.66999999999996
            ],
            "finalPos": [
              130.5,
              116.27999999999997
            ],
            "arcCenter": [
              122.9,
              120.66999999999996
            ],
            "arcCenterOff": [
              0.0,
              0.0
            ],
            "arcSense": 0
          },
          {
            "type": 1,
            "initialPos": [
              130.5,
              116.27999999999997
            ],
            "finalPos": [
              138.1,
              120.66999999999996
            ],
            "arcCenter": [
              130.5,
              116.27999999999997
            ],
            "arcCenterOff": [
              0.0,
              0.0
            ],
            "arcSense": 0
          },
          {
            "type": 1,
            "initialPos": [
              138.1,
              120.66999999999996
            ],
            "finalPos": [
              138.1,
              129.44999999999993
            ],
            "arcCenter": [
              138.1,
              120.66999999999996
            ],
            "arcCenterOff": [
              0.0,
              0.0
            ],
            "arcSense": 0
          },
          {
            "type": 1,
            "initialPos": [
              138.1,
              129.44999999999993
            ],
            "finalPos": [
              130.5,
              133.83999999999992
            ],
            "arcCenter": [
              138.1,
              129.44999999999993
            ],
            "arcCenterOff": [
              0.0,
              0.0
            ],
            "arcSense": 0
          },
          {
            "type": 1,
            "initialPos": [
              130.5,
              133.83999999999992
            ],
            "finalPos": [
              122.9,
              129.44999999999993
            ],
            "arcCenter": [
              130.5,
              133.83999999999992
            ],
            "arcCenterOff": [
              0.0,
              0.0
            ],
            "arcSense": 0
          }
        ]
      },
      {
        "totalSegments": 6,
        "type": 0,
        "sense": 1,
        "segments": [
          {
            "type": 1,
            "initialPos": [
              114.0,
              28.839999999999918
            ],
            "finalPos": [
              106.4,
              24.449999999999932
            ],
            "arcCenter": [
              114.0,
              28.839999999999918
            ],
            "arcCenterOff": [
              0.0,
              0.0
            ],
            "arcSense": 0
          },
          {
            "type": 1,
            "initialPos": [
              106.4,
              24.449999999999932
            ],
            "finalPos": [
              106.4,
              15.669999999999959
            ],
            "arcCenter": [
              106.4,
              24.449999999999932
            ],
            "arcCenterOff": [
              0.0,
              0.0
            ],
            "arcSense": 0
          },
          {
            "type": 1,
            "initialPos": [
              106.4,
              15.669999999999959
            ],
            "finalPos": [
              114.0,
              11.279999999999973
            ],
            "arcCenter": [
              106.4,
              15.669999999999959
            ],
            "arcCenterOff": [
              0.0,
              0.0
            ],
            "arcSense": 0
          },
          {
            "type": 1,
            "initialPos": [
              114.0,
              11.279999999999973
            ],
            "finalPos": [
              121.6,
              15.669999999999959
            ],
            "arcCenter": [
              114.0,
              11.279999999999973
            ],
            "arcCenterOff": [
              0.0,
              0.0
            ],
            "arcSense": 0
          },
          {
            "type": 1,
            "initialPos": [
              121.6,
              15.669999999999959
            ],
            "finalPos": [
              121.6,
              24.449999999999932
            ],
            "arcCenter": [
              121.6,
              15.669999999999959
            ],
            "arcCenterOff": [
              0.0,
              0.0
            ],
            "arcSense": 0
          },
          {
            "type": 1,
            "initialPos": [
              121.6,
              24.449999999999932
            ],
            "finalPos": [
              114.0,
              28.839999999999918
            ],
            "arcCenter": [
              121.6,
              24.449999999999932
            ],
            "arcCenterOff": [
              0.0,
              0.0
            ],
            "arcSense": 0
          }
        ]
      },
      {
        "totalSegments": 2,
        "type": 0,
        "sense": 1,
        "segments": [
          {
            "type": 1,
            "initialPos": [
              114.93,
              19.219999999999914
            ],
            "finalPos": [
              118.42,
              15.729999999999905
            ],
            "arcCenter": [
              114.93,
              19.219999999999914
            ],
            "arcCenterOff": [
              0.0,
              0.0
            ],
            "arcSense": 0
          },
          {
            "type": 3,
            "initialPos": [
              118.42,
              15.729999999999905
            ],
            "finalPos": [
              118.38,
              15.67999999999995
            ],
            "arcCenter": [
              114.0,
              20.059999999999945
            ],
            "arcCenterOff": [
              -4.420000000000002,
              4.330000000000041
            ],
            "arcSense": -1
          }
        ]
      },
      {
        "totalSegments": 5,
        "type": 0,
        "sense": 1,
        "segments": [
          {
            "type": 3,
            "initialPos": [
              130.44,
              80.05999999999995
            ],
            "finalPos": [
              110.5,
              100.0
            ],
            "arcCenter": [
              110.5,
              80.05999999999995
            ],
            "arcCenterOff": [
              -19.939999999999998,
              0.0
            ],
            "arcSense": -1
          },
          {
            "type": 1,