{
  "reference": "W56402108",
  "pieceId": "3",
  "sourceCnc": "OUT_cnc/ID3_W56402108.cnc",
  "boundingBox": [
    [
      0.0,
      0.0
    ],
    [
      57.05000000000001,
      0.0
    ],
    [
      57.05000000000001,
      1006.0999999999999
    ],
    [
      0.0,
      1006.0999999999999
    ]
  ],
  "angle": 0,
  "computable": 1,
  "toolLocation": [],
  "toolActive": [],
  "thickness": 4.0,
  "material": "Acero al carbono N2",
  "geometry": {
    "totalContours": 2,
    "contours": [
      {
        "totalSegments": 6,
        "type": 0,
        "sense": 1,
        "segments": [
          {
            "type": 1,
            "initialPos": [
              13.550000000000011,
              503.0
            ],
            "finalPos": [
              8.600000000000023,
              503.01
            ],
            "arcCenter": [
              13.550000000000011,
              503.0
            ],
            "arcCenterOff": [
              0.0,
              0.0
            ],
            "arcSense": 0
          },
          {
            "type": 3,
            "initialPos": [
              8.600000000000023,
              503.01
            ],
            "finalPos": [
              14.050000000000011,
              497.5999999999999
            ],
            "arcCenter": [
              14.050000000000011,
              503.04999999999995
            ],
            "arcCenterOff": [
              5.449999999999989,
              0.03999999999996362
            ],
            "arcSense": -1
          },
          {
            "type": 1,
            "initialPos": [
              14.050000000000011,
              497.5999999999999
            ],
            "finalPos": [
              38.05000000000001,
              497.5999999999999
            ],
            "arcCenter": [
              14.050000000000011,
              497.5999999999999
            ],
            "arcCenterOff": [
              0.0,
              0.0
            ],
            "arcSense": 0
          },
          {
            "type": 3,
            "initialPos": [
              38.05000000000001,
              497.5999999999999
            ],
            "finalPos": [
              38.05000000000001,
              508.5
            ],
            "arcCenter": [
              38.05000000000001,
              503.04999999999995
            ],
            "arcCenterOff": [
              0.0,
              5.4500000000000455
            ],
            "arcSense": -1
          },
          {
            "type": 1,
            "initialPos": [
              38.05000000000001,
              508.5
            ],
            "finalPos": [
              14.050000000000011,
              508.5
            ],
            "arcCenter": [
              38.05000000000001,
              508.5
            ],
            "arcCenterOff": [
              0.0,
              0.0
            ],
            "arcSense": 0
          },
          {
            "type": 3,
            "initialPos": [
              14.050000000000011,
              508.5
            ],
            "finalPos": [
              8.640000000000015,
              503.71000000000004
            ],
            "arcCenter": [
              14.050000000000011,
              503.04999999999995
            ],
            "arcCenterOff": [
              0.0,
              -5.4500000000000455
            ],
            "arcSense": -1
          }
        ]
      },
      {
        "totalSegments": 5,
        "type": 1,
        "sense": -1,
        "segments": [
          {
            "type": 1,
            "initialPos": [
              57.05000000000001,
              0.0
            ],
            "finalPos": [
              52.05000000000001,
              0.0
            ],
            "arcCenter": [
              57.05000000000001,
              0.0
            ],
            "arcCenterOff": [
              0.0,
              0.0
            ],
            "arcSense": 0
          },
          {
            "type": 1,
            "initialPos": [
              52.05000000000001,
              0.0
            ],
            "finalPos": [
              0.0,
              0.0
            ],
            "arcCenter": [
              52.05000000000001,
              0.0
            ],
            "arcCenterOff": [
              0.0,
              0.0
            ],
            "arcSense": 0
          },
          {
            "type": 1,
            "initialPos": [
              0.0,
              0.0
            ],
            "finalPos": [
              0.0,
              1006.0999999999999
            ],
            "arcCenter": [
              0.0,
              0.0
            ],
            "arcCenterOff": [
              0.0,
              0.0
            ],
            "arcSense": 0
          },
          {
            "type": 1,
            "initialPos": [
              0.0,
              1006.0999999999999
            ],
            "finalPos": [
              52.10000000000002,
              1006.0999999999999
            ],
            "arcCenter": [
              0.0,
              1006.0999999999999
            ],
            "arcCenterOff": [
              0.0,
              0.0
            ],
            "arcSense": 0
          },
          {
            "type": 1,
            "initialPos": [
              52.10000000000002,
              1006.0999999999999
            ],
            "finalPos": [
              52.10000000000002,
              0.6999999999999318
            ],
            "arcCenter": [
              52.10000000000002,
              1006.0999999999999
            ],
            "arcCenterOff": [
              0.0,
              0.0
            ],
            "arcSense": 0
          }
        ]
      }
    ],
    "voronoi": [
      [
        19.295873320537765,
        503.0500000000004
      ],
      [
        26.049999999996942,
        503.40000000000055
      ],
      [
        54.55000000000325,
        0.17321428575542086
      ],
      [
        26.02499999999941,
        2.210714285665631
      ]
    ],
    "polyShape": {
      "type": "Polygon",
      "coordinates": [
        [
          [
            52.05000000000001,
            0.0
          ],
          [
            0.0,
            0.0
          ],
          [
            0.0,
            1006.0999999999999
          ],
          [
            52.10000000000002,
            1006.0999999999999
          ],
          [
            52.10000000000002,
            0.6999999999999318
          ],
          [
            57.05000000000001,
            0.0
          ],
          [
            52.05000000000001,
            0.0
          ]
        ]
      ]
    }
  }
}