{
  "reference": "W56197519",
  "pieceId": "1",
  "sourceCnc": "SCARA/OUT_cnc/ID1_W56197519.cnc",
  "boundingBox": [
    [
      0.0,
      0.0
    ],
    [
      153.64999999999998,
      0.0
    ],
    [
      153.64999999999998,
      160.29999999999998
    ],
    [
      0.0,
      160.29999999999998
    ]
  ],
  "angle": 0,
  "computable": 1,
  "toolLocation": [
    72.01931273479671,
    82.98962656859689,
    -0.04857873516313615
  ],
  "toolActive": [
    0,
    0,
    0,
    0,
    0,
    0,
    0,
    0,
    1,
    1,
    0,
    1,
    0,
    1,
    1,
    0,
    0,
    0,
    0,
    0,
    0,
    0,
    0,
    0,
    0,
    0,
    0,
    0,
    0,
    0,
    0,
    0,
    0
  ],
  "thickness": 3.0,
  "material": "Acero al carbono N2",
  "geometry": {
    "totalContours": 6,
    "contours": [
      {
        "totalSegments": 6,
        "type": 0,
        "sense": 1,
        "segments": [
          {
            "type": 1,
            "initialPos": [
              30.75,
              30.76000000000002
            ],
            "finalPos": [
              30.75,
              39.53999999999999
            ],
            "arcCenter": [
              30.75,
              30.76000000000002
            ],
            "arcCenterOff": [
              0.0,
              0.0
            ],
            "arcSense": 0
          },
          {
            "type": 1,
            "initialPos": [
              30.75,
              39.53999999999999
            ],
            "finalPos": [
              23.149999999999977,
              43.93000000000001
            ],
            "arcCenter": [
              30.75,
              39.53999999999999
            ],
            "arcCenterOff": [
              0.0,
              0.0
            ],
            "arcSense": 0
          },
          {
            "type": 1,
            "initialPos": [
              23.149999999999977,
              43.93000000000001
            ],
            "finalPos": [
              15.549999999999955,
              39.53999999999999
            ],
            "arcCenter": [
              23.149999999999977,
              43.93000000000001
            ],
            "arcCenterOff": [
              0.0,
              0.0
            ],
            "arcSense": 0
          },
          {
            "type": 1,
            "initialPos": [
              15.549999999999955,
              39.53999999999999
            ],
            "finalPos": [
              15.549999999999955,
              30.76000000000002
            ],
            "arcCenter": [
              15.549999999999955,
              39.53999999999999
            ],
            "arcCenterOff": [
              0.0,
              0.0
            ],
            "arcSense": 0
          },
          {
            "type": 1,
            "initialPos": [
              15.549999999999955,
              30.76000000000002
            ],
            "finalPos": [
              23.149999999999977,
              26.370000000000005
            ],
            "arcCenter": [
              15.549999999999955,
              30.76000000000002
            ],
            "arcCenterOff": [
              0.0,
              0.0
            ],
            "arcSense": 0
          },
          {
            "type": 1,
            "initialPos": [
              23.149999999999977,
              26.370000000000005
            ],
            "finalPos": [
              30.75,
              30.76000000000002
            ],
            "arcCenter": [
              23.149999999999977,
              26.370000000000005
            ],
            "arcCenterOff": [
              0.0,
              0.0
            ],
            "arcSense": 0
          }
        ]
      },
      {
        "totalSegments": 6,
        "type": 0,
        "sense": 1,
        "segments": [
          {
            "type": 1,
            "initialPos": [
              39.64999999999998,
              131.37000000000003
            ],
            "finalPos": [
              47.25,
              135.76000000000002
            ],
            "arcCenter": [
              39.64999999999998,
              131.37000000000003
            ],
            "arcCenterOff": [
              0.0,
              0.0
            ],
            "arcSense": 0
          },
          {
            "type": 1,
            "initialPos": [
              47.25,
              135.76000000000002
            ],
            "finalPos": [
              47.25,
              144.54
            ],
            "arcCenter": [
              47.25,
              135.76000000000002
            ],
            "arcCenterOff": [
              0.0,
              0.0
            ],
            "arcSense": 0
          },
          {
            "type": 1,
            "initialPos": [
              47.25,
              144.54
            ],
            "finalPos": [
              39.64999999999998,
              148.92999999999998
            ],
            "arcCenter": [
              47.25,
              144.54
            ],
            "arcCenterOff": [
              0.0,
              0.0
            ],
            "arcSense": 0
          },
          {
            "type": 1,
            "initialPos": [
              39.64999999999998,
              148.92999999999998
            ],
            "finalPos": [
              32.049999999999955,
              144.54
            ],
            "arcCenter": [
              39.64999999999998,
              148.92999999999998
            ],
            "arcCenterOff": [
              0.0,
              0.0
            ],
            "arcSense": 0
          },
          {
            "type": 1,
            "initialPos": [
              32.049999999999955,
              144.54
            ],
            "finalPos": [
              32.049999999999955,
              135.76000000000002
            ],
            "arcCenter": [
              32.049999999999955,
              144.54
            ],
            "arcCenterOff": [
              0.0,
              0.0
            ],
            "arcSense": 0
          },
          {
            "type": 1,
            "initialPos": [
              32.049999999999955,
              135.76000000000002
            ],
            "finalPos": [
              39.64999999999998,
              131.37000000000003
            ],
            "arcCenter": [
              32.049999999999955,
              135.76000000000002
            ],
            "arcCenterOff": [
              0.0,
              0.0
            ],
            "arcSense": 0
          }
        ]
      },
      {
        "totalSegments": 2,
        "type": 0,
        "sense": 1,
        "segments": [
          {
            "type": 1,
            "initialPos": [
              38.65999999999997,
              140.92999999999998
            ],
            "finalPos": [
              35.23000000000002,
              144.35999999999999
            ],
            "arcCenter": [
              38.65999999999997,
              140.92999999999998
            ],
            "arcCenterOff": [
              0.0,
              0.0
            ],
            "arcSense": 0
          },
          {
            "type": 3,
            "initialPos": [
              35.23000000000002,
              144.35999999999999
            ],
            "finalPos": [
              35.34000000000003,
              144.46
            ],
            "arcCenter": [
              39.64999999999998,
              140.15
            ],
            "arcCenterOff": [
              4.419999999999959,
              -4.2099999999999795
            ],
            "arcSense": -1
          }
        ]
      },
      {
        "totalSegments": 5,
        "type": 0,
        "sense": 1,
        "segments": [
          {
            "type": 3,
            "initialPos": [
              23.299999999999955,
              80.15
            ],