{
  "reference": "W56197519",
  "pieceId": "9",
  "sourceCnc": "SCARA/OUT_cnc/ID9_W56197519.cnc",
  "boundingBox": [
    [
      0.0,
      0.0
    ],
    [
      160.12,
      0.0
    ],
    [
      160.12,
      153.55999999999995
    ],
    [
      0.0,
      153.55999999999995
    ]
  ],
  "angle": 0,
  "computable": 1,
  "toolLocation": [
    79.49812814102071,
    79.40179531504982,
    1.6036271058924332
  ],
  "toolActive": [
    0,
    0,
    0,
    0,
    0,
    0,
    0,
    0,
    1,
    1,
    0,
    1,
    0,
    1,
    1,
    0,
    0,
    0,
    0,
    0,
    0,
    0,
    0,
    0,
    0,
    0,
    0,
    0,
    0,
    0,
    0,
    0,
    0
  ],
  "thickness": 3.0,
  "material": "Acero al carbono N2",
  "geometry": {
    "totalContours": 6,
    "contours": [
      {
        "totalSegments": 6,
        "type": 0,
        "sense": 1,
        "segments": [
          {
            "type": 1,
            "initialPos": [
              30.67,
              122.90000000000009
            ],
            "finalPos": [
              39.45,
              122.90000000000009
            ],
            "arcCenter": [
              30.67,
              122.90000000000009
            ],
            "arcCenterOff": [
              0.0,
              0.0
            ],
            "arcSense": 0
          },
          {
            "type": 1,
            "initialPos": [
              39.45,
              122.90000000000009
            ],
            "finalPos": [
              43.84,
              130.5
            ],
            "arcCenter": [
              39.45,
              122.90000000000009
            ],
            "arcCenterOff": [
              0.0,
              0.0
            ],
            "arcSense": 0
          },
          {
            "type": 1,
            "initialPos": [
              43.84,
              130.5
            ],
            "finalPos": [
              39.45,
              138.0999999999999
            ],
            "arcCenter": [
              43.84,
              130.5
            ],
            "arcCenterOff": [
              0.0,
              0.0
            ],
            "arcSense": 0
          },
          {
            "type": 1,
            "initialPos": [
              39.45,
              138.0999999999999
            ],
            "finalPos": [
              30.67,
              138.0999999999999
            ],
            "arcCenter": [
              39.45,
              138.0999999999999
            ],
            "arcCenterOff": [
              0.0,
              0.0
            ],
            "arcSense": 0
          },
          {
            "type": 1,
            "initialPos": [
              30.67,
              138.0999999999999
            ],
            "finalPos": [
              26.28,
              130.5
            ],
            "arcCenter": [
              30.67,
              138.0999999999999
            ],
            "arcCenterOff": [
              0.0,
              0.0
            ],
            "arcSense": 0
          },
          {
            "type": 1,
            "initialPos": [
              26.28,
              130.5
            ],
            "finalPos": [
              30.67,
              122.90000000000009
            ],
            "arcCenter": [
              26.28,
              130.5
            ],
            "arcCenterOff": [
              0.0,
              0.0
            ],
            "arcSense": 0
          }
        ]
      },
      {
        "totalSegments": 6,
        "type": 0,
        "sense": 1,
        "segments": [
          {
            "type": 1,
            "initialPos": [
              131.28,
              114.0
            ],
            "finalPos": [
              135.67000000000002,
              106.40000000000009
            ],
            "arcCenter": [
              131.28,
              114.0
            ],
            "arcCenterOff": [
              0.0,
              0.0
            ],
            "arcSense": 0
          },
          {
            "type": 1,
            "initialPos": [
              135.67000000000002,
              106.40000000000009
            ],
            "finalPos": [
              144.45,
              106.40000000000009
            ],
            "arcCenter": [
              135.67000000000002,
              106.40000000000009
            ],
            "arcCenterOff": [
              0.0,
              0.0
            ],
            "arcSense": 0
          },
          {
            "type": 1,
            "initialPos": [
              144.45,
              106.40000000000009
            ],
            "finalPos": [
              148.84,
              114.0
            ],
            "arcCenter": [
              144.45,
              106.40000000000009
            ],
            "arcCenterOff": [
              0.0,
              0.0
            ],
            "arcSense": 0
          },
          {
            "type": 1,
            "initialPos": [
              148.84,
              114.0
            ],
            "finalPos": [
              144.45,
              121.59999999999991
            ],
            "arcCenter": [
              148.84,
              114.0
            ],
            "arcCenterOff": [
              0.0,
              0.0
            ],
            "arcSense": 0
          },
          {
            "type": 1,
            "initialPos": [
              144.45,
              121.59999999999991
            ],
            "finalPos": [
              135.67000000000002,
              121.59999999999991
            ],
            "arcCenter": [
              144.45,
              121.59999999999991
            ],
            "arcCenterOff": [
              0.0,
              0.0
            ],
            "arcSense": 0
          },
          {
            "type": 1,
            "initialPos": [
              135.67000000000002,
              121.59999999999991
            ],
            "finalPos": [
              131.28,
              114.0
            ],
            "arcCenter": [
              135.67000000000002,
              121.59999999999991
            ],
            "arcCenterOff": [
              0.0,
              0.0
            ],
            "arcSense": 0
          }
        ]
      },
      {
        "totalSegments": 2,
        "type": 0,
        "sense": 1,
        "segments": [
          {
            "type": 1,
            "initialPos": [
              140.9,
              114.92999999999984
            ],
            "finalPos": [
              144.39000000000001,
              118.42000000000007
            ],
            "arcCenter": [
              140.9,
              114.92999999999984
            ],
            "arcCenterOff": [
              0.0,
              0.0
            ],
            "arcSense": 0
          },
          {
            "type": 3,
            "initialPos": [
              144.39000000000001,
              118.42000000000007
            ],
            "finalPos": [
              144.44,
              118.38000000000011
            ],
            "arcCenter": [
              140.06,
              114.0
            ],
            "arcCenterOff": [
              -4.3300000000000125,
              -4.420000000000073
            ],
            "arcSense": -1
          }
        ]
      },
      {
        "totalSegments": 5,
        "type": 0,
        "sense": 1,
        "segments": [
          {
            "type": 3,
            "initialPos": [
              80.06,
              130.44000000000005
            ],
            "finalPos": [
              60.120000000000005,
              110.5
            ],
            "arcCenter": [
              80.06,
              110.5
            ],
            "arcCenterOff": [
              0.0,
              -19.940000000000055
            ],
            "arcSense": -1
          },
          {
            "type": 1,
            "initialPos": [
              60.120000000000005,
              110.5
            ],