{
  "reference": "W56322228",
  "pieceId": "3",
  "sourceCnc": "SCARA/OUT_cnc/ID3_W56322228.cnc",
  "boundingBox": [
    [
      0.0,
      0.0
    ],
    [
      235.5,
      0.0
    ],
    [
      235.5,
      45.05
    ],
    [
      0.0,
      45.05
    ]
  ],
  "angle": 0,
  "computable": 1,
  "toolLocation": [
    117.80212222650646,
    18.73848235307463,
    0.7917859541450905
  ],
  "toolActive": [
    0,
    0,
    0,
    0,
    0,
    0,
    0,
    0,
    1,
    0,
    0,
    0,
    0,
    0,
    1,
    0,
    0,
    0,
    0,
    0,
    0,
    0,
    0,
    0,
    0,
    0,
    0,
    0,
    0,
    0,
    0,
    0,
    0
  ],
  "thickness": 4.0,
  "material": "Acero al carbono N2",
  "geometry": {
    "totalContours": 3,
    "contours": [
      {
        "totalSegments": 7,
        "type": 1,
        "sense": -1,
        "segments": [
          {
            "type": 1,
            "initialPos": [
              79.95999999999992,
              15.219999999999999
            ],
            "finalPos": [
              77.16999999999996,
              16.830000000000002
            ],
            "arcCenter": [
              79.95999999999992,
              15.219999999999999
            ],
            "arcCenterOff": [
              0.0,
              0.0
            ],
            "arcSense": 0
          },
          {
            "type": 1,
            "initialPos": [
              77.16999999999996,
              16.830000000000002
            ],
            "finalPos": [
              77.16999999999996,
              23.27
            ],
            "arcCenter": [
              77.16999999999996,
              16.830000000000002
            ],
            "arcCenterOff": [
              0.0,
              0.0
            ],
            "arcSense": 0
          },
          {
            "type": 1,
            "initialPos": [
              77.16999999999996,
              23.27
            ],
            "finalPos": [
              82.75,
              26.490000000000002
            ],
            "arcCenter": [
              77.16999999999996,
              23.27
            ],
            "arcCenterOff": [
              0.0,
              0.0
            ],
            "arcSense": 0
          },
          {
            "type": 1,
            "initialPos": [
              82.75,
              26.490000000000002
            ],
            "finalPos": [
              88.32999999999993,
              23.27
            ],
            "arcCenter": [
              82.75,
              26.490000000000002
            ],
            "arcCenterOff": [
              0.0,
              0.0
            ],
            "arcSense": 0
          },
          {
            "type": 1,
            "initialPos": [
              88.32999999999993,
              23.27
            ],
            "finalPos": [
              88.32999999999993,
              16.830000000000002
            ],
            "arcCenter": [
              88.32999999999993,
              23.27
            ],
            "arcCenterOff": [
              0.0,
              0.0
            ],
            "arcSense": 0
          },
          {
            "type": 1,
            "initialPos": [
              88.32999999999993,
              16.830000000000002
            ],
            "finalPos": [
              82.75,
              13.61
            ],
            "arcCenter": [
              88.32999999999993,
              16.830000000000002
            ],
            "arcCenterOff": [
              0.0,
              0.0
            ],
            "arcSense": 0
          },
          {
            "type": 1,
            "initialPos": [
              82.75,
              13.61
            ],
            "finalPos": [
              79.95999999999992,
              15.219999999999999
            ],
            "arcCenter": [
              82.75,
              13.61
            ],
            "arcCenterOff": [
              0.0,
              0.0
            ],
            "arcSense": 0
          }
        ]
      },
      {
        "totalSegments": 7,
        "type": 1,
        "sense": -1,
        "segments": [
          {
            "type": 1,
            "initialPos": [
              149.95999999999992,
              15.219999999999999
            ],
            "finalPos": [
              147.16999999999996,
              16.830000000000002
            ],
            "arcCenter": [
              149.95999999999992,
              15.219999999999999
            ],
            "arcCenterOff": [
              0.0,
              0.0
            ],
            "arcSense": 0
          },
          {
            "type": 1,
            "initialPos": [
              147.16999999999996,
              16.830000000000002
            ],
            "finalPos": [
              147.16999999999996,
              23.27
            ],
            "arcCenter": [
              147.16999999999996,
              16.830000000000002
            ],
            "arcCenterOff": [
              0.0,
              0.0
            ],
            "arcSense": 0
          },
          {
            "type": 1,
            "initialPos": [
              147.16999999999996,
              23.27
            ],
            "finalPos": [
              152.75,
              26.490000000000002
            ],
            "arcCenter": [
              147.16999999999996,
              23.27
            ],
            "arcCenterOff": [
              0.0,
              0.0
            ],
            "arcSense": 0
          },
          {
            "type": 1,
            "initialPos": [
              152.75,
              26.490000000000002
            ],
            "finalPos": [
              158.32999999999993,
              23.27
            ],
            "arcCenter": [
              152.75,
              26.490000000000002
            ],
            "arcCenterOff": [
              0.0,
              0.0
            ],
            "arcSense": 0
          },
          {
            "type": 1,
            "initialPos": [
              158.32999999999993,
              23.27
            ],
            "finalPos": [
              158.32999999999993,
              16.830000000000002
            ],
            "arcCenter": [
              158.32999999999993,
              23.27
            ],
            "arcCenterOff": [
              0.0,
              0.0
            ],
            "arcSense": 0
          },
          {
            "type": 1,
            "initialPos": [
              158.32999999999993,
              16.830000000000002
            ],
            "finalPos": [
              152.75,
              13.61
            ],
            "arcCenter": [
              158.32999999999993,
              16.830000000000002
            ],
            "arcCenterOff": [
              0.0,
              0.0
            ],
            "arcSense": 0
          },
          {
            "type": 1,
            "initialPos": [
              152.75,
              13.61
            ],
            "finalPos": [
              149.95999999999992,
              15.219999999999999
            ],
            "arcCenter": [
              152.75,
              13.61
            ],
            "arcCenterOff": [
              0.0,
              0.0
            ],
            "arcSense": 0
          }
        ]
      },
      {
        "totalSegments": 5,
        "type": 1,
        "sense": -1,
        "segments": [
          {
            "type": 1,
            "initialPos": [
              235.5,
              45.05
            ],
            "finalPos": [
              235.5,
              40.05
            ],
            "arcCenter": [
              235.5,
              45.05
            ],
            "arcCenterOff": [
              0.0,
              0.0
            ],
            "arcSense": 0
          },
          {
            "type": 1,
            "initialPos": [
              235.5,
              40.05
            ],