{
  "reference": "W56240407",
  "pieceId": "10",
  "sourceCnc": "SCARA/OUT_cnc/ID10_W56240407.cnc",
  "boundingBox": [
    [
      0.0,
      0.0
    ],
    [
      245.05,
      0.0
    ],
    [
      245.05,
      160.0999999999999
    ],
    [
      0.0,
      160.0999999999999
    ]
  ],
  "angle": 0,
  "computable": 1,
  "toolLocation": [
    200.15430796850453,
    92.42879533999046,
    1.7308483754376471
  ],
  "toolActive": [
    0,
    0,
    0,
    1,
    1,
    0,
    1,
    0,
    1,
    1,
    0,
    1,
    0,
    0,
    0,
    0,
    0,
    0,
    0,
    0,
    0,
    0,
    0,
    0,
    0,
    0,
    0,
    0,
    0,
    0,
    0,
    0,
    0
  ],
  "thickness": 4.0,
  "material": "Acero al carbono N2",
  "geometry": {
    "totalContours": 6,
    "contours": [
      {
        "totalSegments": 6,
        "type": 1,
        "sense": -1,
        "segments": [
          {
            "type": 1,
            "initialPos": [
              31.599999999999998,
              30.399999999999864
            ],
            "finalPos": [
              23.55,
              25.75
            ],
            "arcCenter": [
              31.599999999999998,
              30.399999999999864
            ],
            "arcCenterOff": [
              0.0,
              0.0
            ],
            "arcSense": 0
          },
          {
            "type": 1,
            "initialPos": [
              23.55,
              25.75
            ],
            "finalPos": [
              15.5,
              30.399999999999864
            ],
            "arcCenter": [
              23.55,
              25.75
            ],
            "arcCenterOff": [
              0.0,
              0.0
            ],
            "arcSense": 0
          },
          {
            "type": 1,
            "initialPos": [
              15.5,
              30.399999999999864
            ],
            "finalPos": [
              15.5,
              39.700000000000045
            ],
            "arcCenter": [
              15.5,
              30.399999999999864
            ],
            "arcCenterOff": [
              0.0,
              0.0
            ],
            "arcSense": 0
          },
          {
            "type": 1,
            "initialPos": [
              15.5,
              39.700000000000045
            ],
            "finalPos": [
              23.55,
              44.34999999999991
            ],
            "arcCenter": [
              15.5,
              39.700000000000045
            ],
            "arcCenterOff": [
              0.0,
              0.0
            ],
            "arcSense": 0
          },
          {
            "type": 1,
            "initialPos": [
              23.55,
              44.34999999999991
            ],
            "finalPos": [
              31.599999999999998,
              39.700000000000045
            ],
            "arcCenter": [
              23.55,
              44.34999999999991
            ],
            "arcCenterOff": [
              0.0,
              0.0
            ],
            "arcSense": 0
          },
          {
            "type": 1,
            "initialPos": [
              31.599999999999998,
              39.700000000000045
            ],
            "finalPos": [
              31.599999999999998,
              30.399999999999864
            ],
            "arcCenter": [
              31.599999999999998,
              39.700000000000045
            ],
            "arcCenterOff": [
              0.0,
              0.0
            ],
            "arcSense": 0
          }
        ]
      },
      {
        "totalSegments": 6,
        "type": 1,
        "sense": -1,
        "segments": [
          {
            "type": 1,
            "initialPos": [
              40.05,
              130.75
            ],
            "finalPos": [
              32.0,
              135.39999999999986
            ],
            "arcCenter": [
              40.05,
              130.75
            ],
            "arcCenterOff": [
              0.0,
              0.0
            ],
            "arcSense": 0
          },
          {
            "type": 1,
            "initialPos": [
              32.0,
              135.39999999999986
            ],
            "finalPos": [
              32.0,
              144.70000000000005
            ],
            "arcCenter": [
              32.0,
              135.39999999999986
            ],
            "arcCenterOff": [
              0.0,
              0.0
            ],
            "arcSense": 0
          },
          {
            "type": 1,
            "initialPos": [
              32.0,
              144.70000000000005
            ],
            "finalPos": [
              40.05,
              149.3499999999999
            ],
            "arcCenter": [
              32.0,
              144.70000000000005
            ],
            "arcCenterOff": [
              0.0,
              0.0
            ],
            "arcSense": 0
          },
          {
            "type": 1,
            "initialPos": [
              40.05,
              149.3499999999999
            ],
            "finalPos": [
              48.099999999999994,
              144.70000000000005
            ],
            "arcCenter": [
              40.05,
              149.3499999999999
            ],
            "arcCenterOff": [
              0.0,
              0.0
            ],
            "arcSense": 0
          },
          {
            "type": 1,
            "initialPos": [
              48.099999999999994,
              144.70000000000005
            ],
            "finalPos": [
              48.099999999999994,
              135.39999999999986
            ],
            "arcCenter": [
              48.099999999999994,
              144.70000000000005
            ],
            "arcCenterOff": [
              0.0,
              0.0
            ],
            "arcSense": 0
          },
          {
            "type": 1,
            "initialPos": [
              48.099999999999994,
              135.39999999999986
            ],
            "finalPos": [
              40.05,
              130.75
            ],
            "arcCenter": [
              48.099999999999994,
              135.39999999999986
            ],
            "arcCenterOff": [
              0.0,
              0.0
            ],
            "arcSense": 0
          }
        ]
      },
      {
        "totalSegments": 2,
        "type": 0,
        "sense": 1,
        "segments": [
          {
            "type": 1,
            "initialPos": [
              37.72,
              142.30999999999995
            ],
            "finalPos": [
              35.629999999999995,
              144.39999999999986
            ],
            "arcCenter": [
              37.72,
              142.30999999999995
            ],
            "arcCenterOff": [
              0.0,
              0.0
            ],
            "arcSense": 0
          },
          {
            "type": 3,
            "initialPos": [
              35.629999999999995,
              144.39999999999986
            ],
            "finalPos": [
              35.669999999999995,
              144.43000000000006
            ],
            "arcCenter": [
              40.05,
              140.04999999999995
            ],
            "arcCenterOff": [
              4.420000000000002,
              -4.349999999999909
            ],
            "arcSense": -1
          }
        ]
      },
      {
        "totalSegments": 6,
        "type": 0,
        "sense": 1,
        "segments": [
          {
            "type": 1,
            "initialPos": [
              53.55,
              80.29999999999995
            ],
            "finalPos": [
              48.599999999999994,
              80.39999999999986
            ],
            "arcCenter": [
              53.55,
              80.29999999999995
            ],
            "arcCenterOff": [
              0.0,
              0.0
            ],